UUID,Player Name
86d44aaf-ec12-42d1-bd7d-98069ce99d96,Skyson_exe
22bfa26e-29b9-4a3c-92ce-89d94acf97ca,SeabassTheFish03
a057a77a-b5e4-4cbf-860e-d681b64e9ed6,Vespertine001
d0943073-539a-4314-91b8-e3052ce58dab,Detriworld
23f677e7-dccc-4195-98fb-596156bf41bc,Galaxyavalanche
0e99259a-e141-4beb-ac7a-90b822cd3ce7,shhhkun
5eb2aea8-7434-4403-8432-c9a6b677c8b5,RagniCitizen
578f42d2-d662-4124-b136-824e42909ba7,Melon_Rull
e8c1071d-ba7e-4321-8f00-d5ece8d2772c,Frawlok
74878050-76b2-45d7-a7e1-7df9af387f68,jeef_1
6d70164a-48af-4372-9847-53fd599bd897,DerpySquid16
d109c74e-9243-423d-87c0-4e46a5268097,EZuo
b511e051-ae9e-4e31-8bb2-0842ec4d7a4c,horyz0nt9029
fb78de21-1e0f-4bb3-b00b-70a2f19323b5,Arcellix
b336e165-8b39-489c-b911-2f118f793911,Regiiment
347a752c-a87c-4622-a075-3d8ae43a01b8,sigma_males
31106956-9348-4c43-af03-d223caf34a1d,Wpffle
1ace764f-97c3-4a47-8aeb-0d6bafe6191b,_Unbeatable_
e7cb2bd3-085a-4e0e-a9d9-dd73e43815eb,CrispperPlanet
d644ccce-c16b-4c77-9d2e-6060304d45ef,764hotshot
3c169513-bd8b-436a-8861-3b46cd9bec9d,Aeipathy
a71feea6-9be6-45ee-96ed-e4397a176e9f,ImNotADoor
e95ba251-28a1-451a-996c-0aa56676f7ab,_Diel_
7f731109-7063-4ff1-b5ab-193c3c6bb1f4,Waw_Sans
8b303bac-056a-4b03-b5b0-8c7c262b86ef,Proofreader
a8ea321b-93e5-4587-b867-f23374bf2b9e,kittycatelite
c9c76611-9fb9-4b41-bf07-2099d2235cc5,LightninBolt45
9529b9bd-e037-4809-abc1-c9db318a3f13,Loakig
6043c0a6-8ff2-4f4f-a4ec-037a231a9d2f,Renalith
acbfa24c-7775-4aea-aa1e-a2a5aea18066,1rng
2ccd05b1-5684-4177-ab7d-e14d983c23dd,Xoro_
64d22988-a054-497c-9d98-5dfc5a2313dc,Sir_Aaronymus
36a2a00e-1657-42ed-b614-6ccf965ffbbf,SirCmt
a7dbcb7c-4391-4208-b568-ece713c83d13,kira_exe_
d4ce4a63-9d64-44a7-8cf3-7e718fe6f907,_Rippi
56748567-eac9-4001-bb55-3b16ce781b3b,Skwibble
5c8c3075-d677-4b32-b92b-df0aad06eb2b,SoloMap
ed88b11c-a5eb-4cc0-9b4e-ce7923b67500,Huskerhobo
ff130a4c-ec12-4d67-8529-3a3f3ac2a4c1,Aria_Juno
aa06fb60-91fe-465b-828c-38d497a740b4,BlantonFamily
7166e3f5-f403-43c0-a9a4-eb2ae17a19d3,Muffinburgh
aa7402cc-bf1c-4aed-838b-fd8897d38836,WoodCreature
0c95d625-9d8a-4063-877c-479879389150,Cyclical
ae9c53fd-01bd-462b-b76f-e22a9d09b734,w01vs
5b743df4-5a33-405f-9542-9bb6125b3e6b,Bnnui
49cfafb1-edf0-4dd4-985f-97f3639af174,mityondayo134
38705625-8949-4508-a38e-d755acf71125,JusAPrankBro
d981f4c4-02f5-4606-afbd-2d3509cc96e2,Kusuris
0bf2202e-ffb0-4927-8cab-125a9be0c5b4,Ttimek
ea2e295b-04ef-470b-b18e-09db1a3ecf0f,DecoysIsBored
19dcfdee-7911-480e-be06-84ef99c63f58,Battleslay1000
bd8b45c2-74a4-4b65-9478-58865564e688,Glacade
4599d707-c3e1-4f85-80b4-9182196ff208,Twigbones
32398e5b-7dba-425d-9c1d-d61b2474ff13,Fwaz
7181f903-7849-49b4-9d5c-2f94ecb67313,Krokofant
e8199467-e4cc-4de9-937e-2d13dab63dba,SassyGay
66f716b9-c897-4d66-88f6-b2a4c562da0c,_Amphi
c83ac067-c4f0-4550-9010-d20aba50f569,jacobwfvp1
9fde73ab-1e52-4ac2-9aec-72b5b7704676,Ghawst
762f083e-baaa-4f6a-880c-51c6ee4d0693,Magnumtoast
a1990e88-ddaf-4c6e-a86d-1908b016f337,Hotaga
37f20d5f-237f-461c-bb50-dce951838644,HadesTurtle
5c5f8d1b-40ea-4ade-a6fa-baef905c9181,Bulkas
d5926370-b297-40ab-9666-0f042c0f836d,KlilaNova
a00d447d-785d-4cb9-9d2f-726c81e9f33d,IchRekDich
473d3179-1d96-4618-8636-bfe85cffae0f,Rikumaru
3ef696a7-005c-4e1e-a56f-58d96c754602,hexorcism
841dd344-a4a8-4d8d-a790-2247f3922a6a,Biblonko
40241e88-d49d-4e31-aad4-351a021a0a68,Keldorn
1982a0a2-e132-4d87-96c1-b3cca54a50f3,DeleteSB
66159249-50f3-4a79-b2ce-7f4a63a8eb06,madokatmii
ac9341cd-310f-44fd-80b4-df0467b7628e,Scober
5f5246fd-4be3-4b2a-8fbb-fe8de6b7ff75,Gst3
cc04a19a-2c76-4ca0-b48c-c9c58538d41f,csapka
def729d8-ef5e-4374-9859-fc2f467f4f17,arlechair
d59bd49a-8442-4e59-a5c6-ed3056083b1e,SpellSniffer
63fac5fc-806d-419a-b715-c1e7c60f3ebb,Rexshell
213b30b3-a486-487e-b369-23ea70ee2194,Milord_Rikobum
a544498a-8c0f-45d7-97ed-4cd3f20a71f7,LuCoolUs
7bfa884b-8b2d-4a58-9e13-25466c4c8bc1,EmCiih
6cd4d9bd-de80-4592-82bf-7f23e54eda21,WynncraftADMIRER
62c0b933-10d7-433c-b754-58b54e9eedfe,Frenzy492
2da50cb7-4621-4369-b5e9-61370b45b01e,mylykky12
b0045e0e-bb24-424b-b6d0-a64e1d7a73a1,YouAreRexist
f6bded8d-aa39-4976-8cd4-b64977717338,victorinator9000
5dd93f93-da81-4d5e-9be9-8e85efd87e0f,Anno9474
7c25d7ef-1c1e-4386-a6a5-2503a9fcbc9b,suoped
4b9dda33-e4ac-4cf2-948e-2b6e5048cf56,ArmutPoire
64c17f38-5942-4edf-84e1-260c4a41e1af,wf_
b7454a9d-ea64-4dea-a4ef-c544d6861b7c,Maarcus1
ea263461-2577-4fe7-8201-ece2339754e4,AccelWorld
73c1e505-7201-400c-b08d-cd39c0fd848d,Caekin
d0107d8e-a743-4bab-b03b-e12f8dcf9c6a,Xadecimal
f7fdc8ea-6771-45ae-94b5-aa2ff6e51a4e,echo_at_night
798b1390-39f0-4d7f-a20c-e16ec41db2a3,taffyfaux
f1e2607c-a482-415e-8317-b91c4ece355d,SLScool
76e9f3ef-2b98-42d4-bb4d-a342edf3e989,Chunkywaterx
0acafba1-8e8f-4463-b064-fbf72596560e,Mizushino
47259efb-0900-419a-a76c-fdc95c0a2ddf,Vlctor
d6ccfc44-b72b-418b-975a-2e236facfd2d,JustZatoo
c9f1c24d-0507-4cc4-85f5-e47573f80573,FushiSashimi
0671b82c-2a76-4cc6-9d7e-dfdefd5490b7,FragManDan
d2b2418c-6c9e-4a03-894b-a078f2a043a0,IBigPanda
ddb64f11-cf9d-4909-a4d9-8c92de262835,Scromblo
bc315d6d-af99-40b6-bdbd-8bd4da9937b3,Shear
947f04e0-2838-4df7-98ac-971859cc5840,Effected_Formula
0eaaf45a-31e2-4671-b87d-8b04f1bb78e8,W1nterTime
c9543f07-8358-41a9-974c-cc2266074ffa,Zomplee
f089d2e0-3135-42cc-8801-fbbc2364cfa0,Wrebit
8873133a-2572-4cb0-b5d6-758302f0d801,20hz
b8820309-3973-471b-bbb2-cef64a1e7a9d,uhmazzing
ac2e96b3-9370-41bb-8ac6-85f92a54f4af,Sunveil
ebc7b12f-e686-40dc-b37a-7c8870dfc6d6,Cashisgr8
bdc79f1a-39c2-4d20-a3a3-e35d5e48d1a4,1zumi_Sagiri_
aa2c027f-c36e-450a-bcdd-d270f044fab1,BatteryTheKid
4d41aae3-f4e8-4958-adda-af2d51ba1cbb,catgirlafter
363b5759-d880-4fc2-aa44-926ba1818b4b,baconmandeluxe
56470671-b250-46f8-9abc-e47bf50af734,SmileyAlec
db4c7f81-ad15-483d-bca4-8493756c95b9,Diamondapple6
47313073-790d-43d8-b22b-8024ff248db3,Warze
d23efd64-1e5c-4dbf-8cf5-797087956e33,Innukamo
3ddddf82-27dc-4ae4-848b-862f15b6c6b3,PapaPenguin_Jr
9fca7262-d45c-44b8-9403-a1e726e92e2b,Julinho
78fc494d-c52f-4760-9565-f5db07b34da5,Flyxdre
6f44e1c5-8918-4ceb-b0f2-feb090f7c41d,RedPandaas
265ed9bd-af06-4e3b-9c51-58ec7c25b8a6,RafaelGomes
848e0d40-4f72-44aa-acc3-b87ae0896f8b,DonbassBaka
54ab36f0-a21e-48ca-9009-596bbdcb42b2,Fuguh
84f90219-44c2-470b-8f42-d33a4efd2b08,MemeBard
23d7d22e-e4ef-4edd-b4b0-b902ce409c5f,ElleOfTheNether
ff507b67-0e97-4b1a-b317-21a7cfbf9055,AlexxOffi
46f52755-3d5c-490b-9bd6-91a263dfc2f1,nwata
ee7aa4f9-d25e-4f7b-b9f1-2b0964b0401f,mualanishark
cca9d92e-1f91-43f6-825c-36d1b9def147,X_Gaster
070af99c-cd21-4923-92e4-8809b3d99f0d,OwORawr
3653daf4-be1f-418c-a71c-bfc88c3a9387,nasiuduk
7ed5ea96-1786-4638-a4cd-8388b1b2c24a,Yuziy
de7fb044-7c8f-4d01-be93-14f68eb27bc6,Cows_LegendMC
5206c2cf-35ab-4691-867c-ea934c875980,MilkeeW
d42f0a75-1dfc-403a-a8de-a0ce5c40b5a7,SteffLn
80f560cd-3955-451c-b928-8ffea33d3e95,Pontosaurus
51a5af14-914b-44a9-9259-ffb6878052d2,kanopix
23a65501-2ef9-48f2-9bc2-1bd5a8b7872c,oLong
d22b2641-ab2a-4fad-b00a-4bc9371436ce,IceKid16
5c908da9-42ed-4cba-b371-3a4b61b837c4,Restinikus
a40080a6-290a-41b8-92b9-f2126d164ba0,EKOHC
f65f5e1c-a38e-42cc-bbbc-e1d1668291b0,pnoot
defe12eb-849e-4aef-a501-cf56a5ee7255,wadsqe1234
e45b031c-2c5b-4366-8e07-afa9582dc723,kebabdoner
9c1d20f8-5873-49bb-94a0-d997de34d7d5,_Constellar
da25118c-7ad1-4d1f-9662-278a0cabb38d,TheFloof
0ff5d9db-649b-4712-ad7d-32ed0a3f0659,LRJDDD
751811c6-b814-42ca-9c3a-246df6dd323f,Bhlues
440db08b-b3db-4ef3-9edc-359adcf09c95,Dream96
9430fafd-13c1-41eb-b9b8-abd1d62919b1,Darshire
46cfdad9-85aa-4ea9-8799-463d7885aa1d,CobCannon64
7346eeae-921c-4443-bdac-385e2fc056ce,Citied
959056ad-8e87-46b9-9d86-40047a723962,Lhz271
54216be3-7256-462b-9db3-ce60492df4e3,DrYodelingFart
46eb4895-0be2-452e-9479-baff27393d75,StupidLoli
6a6dc0e8-6963-456e-bb8b-cccc62445c15,HuTaoGaSuki
a0f59b58-7540-40f8-89b1-8593ec2533ef,K29D
d34b4d1e-8a38-4e9f-9848-d644c13a653e,SpookySmarty
4e65ab3e-d502-4279-8fa3-cf6b98fdac3c,BudderShark
1f45178c-843d-48b0-906e-f60ad3950fe1,Brutus314
1f348da7-364f-4c59-bdcd-c8064862d780,PiglinRose
93c9ab06-afee-4c7b-91f4-0f82bb1e46ea,Catavaltyst
16fd5457-3a5d-4a28-b192-99027cc14a8f,Cryotic115
f7985ef7-f611-4ced-b3ee-05857d8cf5c5,Leafish
b6312e09-aa15-4b20-b7f3-953d588c38f6,Skw972
e92d6a0c-711e-4297-bec4-3aa74e71ad58,Enderclaw
66efb975-31b4-499e-9b46-a34980edd8ee,GAZtheMiner
ada9088f-f487-4b80-b0b4-b3ec1441a52f,Eulaw
5fe7616b-3cc5-4765-8b59-6bc37b084f30,soffikitty
384b4b04-a8f2-4946-af4a-a0abe5d99402,Beetown
c239e617-cee9-47bb-9139-10278260318a,Nicolqi_
40cbb409-9560-4ec4-91db-5aa1882d8979,Cledward
a7f1f422-7df5-4f67-bcd3-a59a5d823967,SilentPots
a740bbc0-edb2-49f0-bae2-2f31aa680daf,_Fels
13244a82-1282-4143-9764-71c3722175df,PlishPlishFish
ec12e2a6-947d-487e-abbd-6cf0b413e16c,EnderPhantomhive
2e5e76df-ad32-4104-aaab-b79ec7aa2677,fearpoo
334adbc4-1333-449a-8f7e-6b7f362f0bd1,Dracium_Z
e72b66c9-6b09-4277-95f0-51db889f73bd,VogelBoi
b70954fd-8926-41c5-b69d-14b39362081b,orenGr
0431850d-9bd1-4d25-a5d6-ee92c82e1971,bad_and_sad
e5d1d34a-82a6-4d79-b202-bc280c99920c,TaintedLion
5265df2a-34b0-4702-ab8e-542623118909,Sihro
e3737b9a-6b33-44c2-826f-13810ba35581,Colts_
84b41b91-5c8f-4624-b816-6d417f12b012,MrSamuel1023
1891de76-23b3-48f7-9f4d-c34b4964bef3,Azypas
35a5cad6-d1da-4f54-96ae-d8d774deca80,visar77
ad00f429-643e-4d2c-b0ff-eec10c738628,ettelaP
da00ddaa-ed1e-474c-b5bd-17976cd8b532,Cloud_Dash
3c380cfe-d685-4c4f-909e-b6d677b1fa7b,Wynnter_Warp
d081ea4b-097a-4a1b-b81b-1aa501c9fa8d,Monkeykapaa
4f01bca3-e1c6-48ad-af1a-bc2ccf350805,IntegerFactoring
7692faea-64ef-46d2-a5c7-ff05fcd7963a,Dorcus0919
1168c5ec-a8bf-45ac-ab9c-808a2b023364,Mehku
54f1d925-d082-4295-9372-d3116dce09da,Sifix1000
1a860263-459e-491b-9b6b-99f96b441529,Maramasu
3f5bb16e-acd7-4cb4-9cea-c3141518593c,TrissyTiger
c1da66a7-22ea-41cb-951a-07c4aabe5cd7,DJDoggy703
f8aea412-f806-4c34-953a-2b9a4fd7c3ce,linnyflower
02c42025-863e-495c-9dbc-1a87509b2079,AnonymeMousse
1501bc79-3188-442b-b924-24974c59fc5e,Doggc
f129b394-0e59-4681-b051-b2c102f12dd6,Shisouhan
3794c903-ffb7-4050-9ee9-6602274ae1f8,ProjectForceV2
4e2951b7-9380-48d7-adb4-1364bbc413d5,Lexwomy
9ecac50e-2048-4947-a9a3-71a12797bbf6,Filda4515
4edc8c63-6195-47b2-8e6a-a4a06ab40a8a,NoCatsNoLife
18c0b8cd-a484-45b8-b108-d41fc3dd0e6f,Karenberge
df5d3f71-ebb9-4409-8d8e-3c0d1c21dd3d,Hadzeus
9c252165-ae5e-4efe-9433-ff8d18c72074,HiddenCupcake
65eabe5d-11cf-4d3d-aecc-92e2d19a769c,danieltlq
9bb99829-9ccb-4ee2-99f2-6a373bc97a2b,Pringello
961c8f83-ba88-4886-83cc-b968bc9fa941,Dunloww
bf20c418-0369-42e0-884e-4f66c292bc05,reaweah
5885b0df-fb20-4844-8213-9c99e332f34e,CherishedLord
b2fd965c-bbff-4fec-89ea-2e975529d24d,Ridgi
811000b8-57e4-4711-81c0-25a4d5de859d,MundyMines
ca603239-db81-484f-a0c9-00f18a60162a,Darkrenga
b5b912cd-5773-4279-8af5-bb8003c25d3e,CuzImTimer
9e7c5971-a5d9-46cf-92c5-2ab555cedfa2,LaMDaKiS
7b263d3e-85a6-4306-8b8b-ec0121a76db7,canines
e1360997-909a-4a2a-a6d7-fee5293c4a4b,BlackHydrangea
37b0d950-5894-44c3-93a3-dbf4fdbc346a,euouae_
ceabbde1-8733-4cd4-a865-2374ba92ebe1,Hubai
bc328e79-e943-4c56-9115-dac3cd7e62e9,Gatsy
b3959db5-44cb-41ef-b147-419161cc9952,Watermeluun_
2587dd44-b32f-4da0-87f9-167d97139428,freeplay21
15824f70-bf88-46ab-9ca9-f6917a976187,ItzRepsac_
9e4bf8e3-8943-40fa-9adf-c5d71d0a1638,Necryo_
ea68a82b-8aee-4542-984f-24200321bbc0,Voidrim
ac9f0ec1-3dee-4769-9ccd-0daa4cf2b6f2,Magic58994
30d38846-0966-40f1-8956-0d2026b53bf7,bowpotat
39926264-a029-4c80-abc5-28c83a67dec0,HeyGoat
677e0b09-9643-4fac-85b3-3b84e6c0fd2a,Ugastag
705c76ee-a10b-45d5-9cfd-107b9f71f7a3,Elytral
dbb9c9d6-7159-4762-b18f-09b16149d347,StormingPhoenix
e7f29c79-df39-4d5d-ab21-d94d103995c6,Gqvvinchq
23e90914-32e1-46c1-8e6d-2af170843483,TheBossPenguin2
c3ea0370-5b63-432c-93dc-71025eea141c,OoGarfieldoO
f8776796-1b5e-4894-9f0a-ec1be8331202,P0isson
b29e3467-32a3-4868-a2b1-d93ff79e773a,matheo_303
fb9fd13d-6b5d-476a-b6b2-d24c6bbd2d97,Lambae
43d23201-db9a-49dd-b0ed-8cd016095f48,swrdtemple
51a0fb6c-26be-4055-9450-11dd9b8e1221,Animef4n
0086cb7a-8fb4-483f-be75-a011b4ffeee8,DusBrada
60bc9c93-0021-41fd-a27d-9e7fc2f3c4b0,CatDrinkingBoba
77b3bd3c-739a-418e-a4b7-4f2288258b98,S9CH9
c63d736e-fcc5-401b-b29b-7e0769cd8f35,ProbablyNotMatt
f2e4980d-8d92-4c1d-a56e-269df6fae66e,obsidian_ultimus
d13f81ca-72d5-446e-b7e7-29b9e373cf98,CantLie
db9d7475-a6f3-4538-bfa7-263b8a2d1452,Enderchu
a92039c4-23f6-4c5b-b4f2-03298cb6411d,cyclopsx123
24b32f8a-e65a-48c5-a461-f3ebebccc787,S0APMUNCHER
c11fcd90-e5dd-4945-a777-9a2872e75ca4,EarthInSpace
3c2f9b5c-a5cb-46cb-9403-79b45df4ca0e,CreamyChezy
8d6c75ad-9044-454d-ada7-bb79b47a734f,GalacticCalamity
702ff250-68db-4aa9-aa7b-a156c7941656,_Mimo
a2a16886-d82c-4871-8a23-d8862bfdae4d,Xpyouy
9831b3a8-9a31-48b7-be3a-1fa8e6a24cfb,EarInfection
72250a1d-144c-48d8-8223-1209ffcaf82d,koprr
2e1b7c8a-154d-4e45-9557-b2fc6d813a91,legoman123
53d08c7f-e53e-4476-afe0-a3aa5e45c266,DrGREEN__
2d4ca9ba-9afd-4270-a01c-b37cff915bf3,TheMightyAde
cc25e3c7-644a-4c27-bb57-7dc92245dbb3,kanoihuli
79e3c1b0-b894-475e-aefc-767208b73dc3,Schmewes
19b4c944-70aa-4ae7-9b18-445cc4ba1618,Izanamiii
6785ceb4-7745-45a2-8a61-5127f08fa670,EternalOne
70336328-0de7-430e-8cba-2779e2a05ab5,celxste
a9d61368-322b-4ac7-94f3-35013919cc7b,anAlarmingAlarm
40e11f26-081e-4818-9b3b-19e81db2793d,Volkzz101
04d0be50-57f3-43b6-8739-c8a7935519ec,MotasKB
78ed00ce-288a-46fe-8f20-fd8264eb5e98,TheRanger159
f756ab1a-a34f-4157-9747-9e296a780937,EclipseAXYZ
65fb3804-92a5-4ca8-b409-1b811daad739,Scarriana
b257fa96-8e9a-4bb4-9c3b-ac962c0dddcb,kioabc1
3d73ec32-9689-4394-bbd4-18ab26d98ec5,Shirasu_Azusa24
65a3e22c-5482-4fc2-bf75-bc8ff59128a3,DreamyJosie
a9094d87-3239-4288-b393-131e40a02952,Eliux
fe44e5b2-e31c-4c3c-8806-b065bf437411,starfaiien
7fae9a91-c212-4cf2-9833-a492558ef245,Tarpeh
bc12ef08-6e4a-43bf-acd9-cec4323eb537,HiDef
5e084d1a-e277-4693-b272-b8447e26413c,ProbablyCheats
28561b28-0391-424f-808d-a6c95bf83671,Defervesco
537b620f-035f-4418-98f0-2b35c1ad01ed,Turkistaf
3c4cd558-83f2-4271-9884-ac0b9214bb9b,Heyoth
e30606fc-b5d7-4a46-9d49-7ee36a550b6b,LeoCreeperGaming
a5b1904b-90c3-496d-82d6-42745c5e319e,Myalita
35a62ed0-7cd9-46bd-8bd2-c99009b438eb,RoverTank
408e137a-9c49-40ec-b2f7-1796c073a941,ZrBence
2c87d3a3-833f-446f-a375-65ba151a26ae,_Pain_Less_
d811a4f3-11a3-4ecf-b175-5557d9eedccf,glockenspield
889dc534-df6b-4523-8071-a868291df2bf,Guessouate
e32c6520-3b58-403d-9e43-95b3cf37ec11,Japhes
7fb9d7ff-21cf-41b6-a4fd-a1e56b565568,KermelCatLover
af1379c8-2844-4acf-8cf8-9597d338c7e4,redstonepowder
16327139-206e-448b-b50c-f3b881c2d13d,BerryFree14
32633090-6ba0-4b80-93f2-453c58706771,RamalaLakaka
57eef145-d9c9-475c-b16f-3b6b7bdda570,furryfemboyuwu
d4fd1f19-e6cb-40b4-b6d0-06be361692db,The_PixelChicken
5ecf62df-fa60-4a5f-949f-62f4fa2c9078,danielmines
66107e84-eba7-4684-9da8-18dd20376ba3,CarolineCoughs
6004d214-0750-4313-a5ef-3f565b17a21e,victuwu
43ca17ad-0cb3-424c-9afe-7d0a1f6069cc,co5ine
7beb8bd0-4b2f-4935-bb1a-5c9d15d27d9b,SePhiom
14f799de-c279-44d8-9c30-5fe7354f273e,Nsgr
47bfb632-94be-46f8-ab09-0f9f775d35c6,Clicepoly
818db949-29cc-4d89-9b4e-eda094ba37ea,IceColdSprite
dcfbcf97-17a9-44a1-980d-e313af7eeca9,eif
0fa89b0f-46cd-4fe8-83e5-ef4e456459bb,FearsomeDuck81
879fe329-0103-4b86-acd3-4dde45dd385b,Mate4
465a31f6-beb7-4f2f-a694-1787aadda69c,Nitroxlz
91818b6b-b827-4755-b473-02bf40a8ad63,Zerozcraft
73de4dbe-6bd6-4b64-9e6a-d1e36d2b514e,Amthony_fv
a1204350-750a-4082-9ae7-860e2b2ae558,unicat
7bcc9cab-5b74-479d-9f12-62e266f144d1,FrankyPT
75abb374-d3d4-4f53-9df2-4bcbcde3022f,Bleiiz
301e7022-66cd-4d4e-9dd4-a1237a69e4a9,paRtifire
c1ae88d0-4b1f-4445-b0ee-e45fcd7b5dd4,Kittylover184
e89995d0-93e1-4281-9675-c83f16a5cde8,Tigershark8900
121f9457-ee92-4c2f-8203-ffd36f0bbca9,CasualBo
d389b9cc-a6cb-40f1-83f9-b88ed71727e0,nabbywad
084609b5-b871-4691-95b1-dce7abbcb4bf,WayaBoy
99be1b1e-8416-46e6-8a24-b5c2270b7570,__Martyy
d4be840c-6e5b-43a5-b900-93a3190be6f3,owoPeng
b34bf30d-830f-4c38-b4c0-8dc9913e709c,Gtloverboy
2d79c915-ea18-465d-b1e2-34c5b9ad9016,FaeSnowy
f33dfcce-8e29-49b9-a528-93729f95fa39,Flufe
7fc49218-1171-49a5-b2c0-33b30b2fb0e9,dolhpin
5e13a33b-6a4f-4159-b694-8a903743cae8,StealWynncraft
0ca2dfef-5821-40de-932a-e31383ae0832,BuffJadeMining
dfc78fc8-e326-4b7a-87f3-889839581ef4,iReach_evo
972cb271-69bc-4d96-91e9-3f787fe03780,Lyrun
1dca485f-47a8-4b15-817e-84d7fe0140c5,paperlukas
49b0f6d1-b617-4f97-9c99-056179895857,Psykoz
0322aee5-6bff-405b-ab79-d159326e872e,bOti234
0f33cf8e-0a0d-4463-a51d-bf64dffbd9f4,Jalapeno9
c462bb94-ef7f-46c8-8d91-9791dcb2553c,Sumaho1008
3233c3a3-7d83-48c5-85d6-60c883ebcbdb,YokingBark
df94e4dd-bfe7-4ba7-89ff-d0b45ca7db92,Atmisuki
a6088189-ddb3-4894-9a60-85c55c71ac9b,Naingnaing
c38b1a6c-0b25-4073-b527-7ba4d9852bce,aqua0763
1f20c84e-ee75-41eb-b8f6-e1d1efd772ef,Nynnf
400cd8a8-0e5a-48e6-9e47-f6560f9adf9b,Azroh
01d226d4-1738-43b2-9b33-fc77267d3391,FayeUwU
d93433b5-5238-45a5-9220-8e3f9ecb5701,KingExcalibur
7fe8dac1-03be-4063-8463-b9ce2b630ed0,Blockyburg
b1493267-f660-4ca5-818e-04b9f4d3e305,cchewies
cf3f12e5-45a6-4b24-8d60-c87610533b2a,Shrael0
76ba6d92-fb6b-483f-a705-817cc3d86344,Natedapanda
3ba61fa6-cb4f-4134-b137-833f0fd7d274,Siren_QingYang
7c76f57c-258d-4b27-b943-a215bc23f204,VainFate
82075cc1-6f20-4a87-8b08-0f34728ce19c,chenghao0415
622b32bb-cda4-4564-9ee7-8a14827dd514,ksgk_Koyuki
f3457697-3b66-4345-bef4-264c8d1b3455,Rain_G
10c4cbf4-657b-4c03-bdc5-a708180347aa,Crokee
a536ae46-f1f4-4c5e-8181-8f3a9c68ef31,Beezily
bb812ba0-d355-4639-a46a-c8bf3dff38aa,Luckyb0lt
e4615f3a-812e-40b6-b7a0-c03e0218d583,xX_NoScope_Xx
1942c33b-42b1-4cd4-a43d-634b7c503a3a,Wonder642
01fc9dba-83c0-4f97-9a8e-0d6f4e25f90f,Poplots
65fe4f11-e60a-4c74-8153-183e7b04b5e3,BuyMyBanner
6a22fb47-d398-478d-864f-eb396fa1280e,wholg
786785c9-d8af-4070-af80-7fbb556993af,Awexx
8950396d-16e5-4edb-896a-fee036ec6b07,rainbowx1994
cb8af8d5-7a83-4572-8680-6f7a137722c4,PyuKuchi
e28cd1f0-cce0-4435-bebb-384eb4099cae,MyNamesJames
77d20ece-ec5a-406d-a45c-667bbc91dea4,Fleega
2177e86b-bcf9-4f0e-a21d-d2384a673fe9,Hareus
31052f46-47d4-4d9a-95be-e1042f61387f,ThiHarada
f3d943a9-06d9-4a2a-b122-81dab5979c49,MikeyMcMinecraft
1c8bb749-a8b1-4642-b030-1fdadea927c0,KodaAndKeyno
4f017906-b969-46c6-90a8-8c2ef0fac097,Gomicas
acf1ea5f-a33e-4c96-a0a3-bc2193a2f7af,xSuzu
c2ffbb78-acdd-4fb2-9e9e-228881eea510,FishFires
3f0b72f7-240b-4284-bff9-e3ed1eee5817,TeamWahoo
320a8aa1-7865-44c4-9df0-dfa9fba4b1dd,SirSquigglyNut
eb199345-7a30-40b6-82a5-2d962896c830,Voidshift
e26c5867-8e36-4b49-a2ec-1f2f08f6646d,CarrotBunn
53f426a7-fdec-4f1e-ad95-8d9db0344581,GamerBoy2236
2c6220f0-af39-487e-891e-682cc502caab,Crouton_18
1bd7f518-0577-4093-a8e1-708890b2c4df,Hibikies
4944c4ce-88b4-426f-8870-35e6656930c8,Balbabocchers
5cea02b4-d449-4e0e-b70f-cc3537bf0600,Vance568
828beed2-9c3a-48e2-8d39-dacc33682812,NHK
d5c1c95c-8bb4-437d-98c9-97b4a38fa408,NKDSama
bbd214b5-b9a3-45b6-8b1c-d2f8e342b3a9,RelXis
94a756cf-cbb5-4ec5-9fec-0006f3938c1d,yFelipeMC_
0b423c34-5d1e-478a-b2bf-17445700997d,yot
ad82d318-0cf4-46b5-a4f8-deedff2a336c,MichealWind
fb3c0aa0-4e0b-4d6d-8156-a6c7e503b8ac,Sebseb2222
0a2d5930-3066-4b14-81cb-251ad5a6d0a7,JJ8099
02fa254f-3f84-4ade-9c23-b8259a980e7e,okaken777
70ba6cee-3789-41fa-8e72-3321d7f566dc,ISleeps
7c9bb6cd-34e7-403b-943a-e27851a18798,BabaFisi
ce536c5e-c22f-48e8-b639-74c930b47210,GoldGuyGG
69a797e7-a2cc-4a51-8589-59ff4a9759ff,Wintel_
d4fcf354-cc7e-48b9-809f-e27c5ecf95ce,Stevenson548
e83a8f06-8017-458b-8b5e-9b491653b1f0,Deronn
d275a3d2-b915-4819-80a8-c8d5a595d4e2,Wanzi001
4db3086b-b4dc-47f5-b5b6-12e3ee752d83,Repta1n
9d3a8282-9cf1-445f-93cb-931e9a8a2e73,salzt
f3ee7558-7135-4a3d-9f96-d88ec759ce49,_Skriptz
904c2575-15c5-4e7c-8917-f0d1914ce3d2,steves_01
2c734f62-d1be-4dcc-84eb-b37d3b7e97d2,PeanutKing333
e0264b61-1401-4d00-85b0-7479e8b1145a,quenlan
e92ae65b-07c7-439d-83ce-7d8eb819eb06,EPIC67890
2141e67c-642c-4aa3-b218-a4eaae1da7cd,Tazriel
cd72b6da-f94f-4c30-8642-80eda5cf9268,hlickyalf
9b957648-e240-4a4c-a161-0349aecb5f27,TeaCookie
055ac23d-60d3-45f9-a77f-0b56a47deccc,Night_B
9c2f2aa9-a772-4ebb-93d9-9883a7916a7f,sabunori1219
7a464951-e3f7-4047-957e-98da0a49446a,vicodinL9
a25868bd-8a75-4c1c-8870-141878ba125a,Mootisma
d0a917a2-fa67-4e77-be9c-45d033726c63,niceflex
b588d01b-ce97-430d-ba97-ee4671c2a05a,1nfinity_
4254c885-7135-4ecb-8c1f-50c967dc465b,Royal_Dragon
0d843c26-5c90-4154-81fb-90fec01600be,Mr_Pickles
9f86422a-c06e-432a-8834-d75ec793fc06,WynncraftReject
653267d6-4128-49fe-a939-c8ad002e72e8,LuLurr3t
448d9390-6178-4361-908b-78a8adfe1157,Chanung_WHG
1c184387-e8f2-43ad-b995-8a2bf4b411af,Su_miserina
641582aa-5697-4336-8871-084d9281cf03,Csm1tty
